#ASSEMBLY_ID	HCC1187-H-200-37-ASM-N1
#SOFTWARE_VERSION	2.0.0.32
#GENERATED_BY	cgatools
#GENERATED_AT	2011-Sep-25 10:08:06.373682
#FORMAT_VERSION	2.0
#GENOME_REFERENCE	NCBI build 37
#SAMPLE	GS00258-DNA_E01
#TYPE	JUNCTIONS
#DBSNP_BUILD	dbSNP build 132
#GENE_ANNOTATIONS	NCBI build 37.2

>Id	LeftChr	LeftPosition	LeftStrand	LeftLength	RightChr	RightPosition	RightStrand	RightLength	StrandConsistent	Interchromosomal	Distance	DiscordantMatePairAlignments	JunctionSequenceResolved	TransitionSequence	TransitionLength	LeftRepeatClassification	RightRepeatClassification	LeftGenes	RightGenes	XRef	DeletedTransposableElement	KnownUnderrepresentedRepeat	FrequencyInBaselineGenomeSet	AssembledSequence	EventId	Type	RelatedJunctions
3783	chr1	859357	+	427	chr1	860197	+	303
3782	chr1	953827	+	535	chr1	954376	+	335
3781	chr1	1132582	+	474	chr1	1133003	+	445
3780	chr1	1222444	+	289	chr1	1223030	+	166
1235	chr1	3408414	-	122	chr1	3408539	-	128
1233	chr1	4899264	-	267	chr1	4899637	-	124
3774	chr1	5650507	+	524	chr1	5650900	+	309
3773	chr1	5988674	+	241	chr1	5989409	+	146
1232	chr1	9393770	-	99	chr1	9393952	-	109
3770	chr1	14309661	+	761	chr1	14311528	+	432
3769	chr1	16024527	+	329	chr1	16028026	+	460
523	chr1	16924310	-	450	chr1	232978810	+	556
3767	chr1	17548754	+	466	chr1	17550247	+	393
3766	chr1	20369781	+	496	chr1	20370329	+	481
3765	chr1	20804723	+	646	chr1	20805399	+	134
3763	chr1	24392934	+	501	chr1	24396261	+	426
3761	chr1	25031285	+	314	chr1	25034107	+	261
3758	chr1	26362410	+	494	chr1	26362736	+	532
1045	chr1	29593426	-	219	chr1	30651405	+	340
1197	chr1	33288916	-	267	chr7	24415234	-	379
3754	chr1	40734933	+	440	chr1	40735364	+	245
3894	chr1	43831883	+	492	chr1	43832473	-	551
1041	chr1	43832475	-	75	chr1	43832594	+	416
3745	chr1	53366687	+	457	chr1	53367538	+	169
3746	chr1	53366687	+	464	chr1	53368191	+	185
3744	chr1	53367716	+	176	chr1	53368194	+	466
1226	chr1	56768620	-	332	chr1	56768934	-	325
3738	chr1	58516500	+	546	chr1	58517413	+	351
3737	chr1	58832222	+	450	chr1	58832547	+	569
1225	chr1	61060683	-	264	chr1	61060923	-	243
3736	chr1	61855451	+	506	chr1	61856295	+	433
3735	chr1	62163190	+	546	chr1	62163539	+	423
3734	chr1	62427359	+	437	chr1	62429777	+	333
3733	chr1	62924413	+	521	chr1	62924752	+	361
3732	chr1	65796770	+	451	chr1	65802864	+	524
3731	chr1	67780772	+	472	chr1	67781630	+	123
3727	chr1	72538912	+	558	chr1	72584428	+	538
3715	chr1	73195291	+	423	chr1	77951490	+	348
3726	chr1	73526195	+	435	chr1	73526510	+	444
3720	chr1	74977060	+	105	chr1	75002163	+	327
3717	chr1	74990699	+	143	chr1	75002167	+	500
3710	chr1	81177351	+	478	chr1	81183542	+	417
3893	chr1	81432939	+	441	chr1	81434143	-	190
3707	chr1	82898564	+	419	chr1	82900175	+	462
3706	chr1	84290520	+	482	chr1	84297224	+	393
3705	chr1	85521222	+	620	chr1	85521552	+	487
3704	chr1	86178393	+	463	chr1	86178721	+	488
3703	chr1	86513574	+	417	chr1	86514291	+	431
3702	chr1	89248652	+	718	chr1	89251235	+	244
3700	chr1	91686699	+	333	chr1	91687154	+	414
3699	chr1	92004651	+	545	chr1	92005923	+	595
522	chr1	93034804	-	144	chr1	93035057	+	420
3892	chr1	93034861	+	383	chr1	93034944	-	74
3698	chr1	93064688	+	429	chr1	93065503	+	233
3695	chr1	102820280	+	545	chr1	102820610	+	464
3694	chr1	102868668	+	616	chr1	102868987	+	244
3693	chr1	104244722	+	444	chr1	104245248	+	482
3691	chr1	105817337	+	497	chr1	105824920	+	274
3690	chr1	109374755	+	252	chr1	109376704	+	443
3685	chr1	113601151	+	531	chr1	113601616	+	317
3686	chr1	113601154	+	471	chr1	113601615	+	420
521	chr1	114447477	-	76	chr1	114455894	+	538
3889	chr1	114447553	+	81	chr1	114455872	-	484
3681	chr1	143605637	+	446	chr1	143606633	+	244
3680	chr1	143607654	+	429	chr1	143618166	+	273
3676	chr1	143738098	+	591	chr1	143738421	+	353
3677	chr1	143738103	+	319	chr1	143738426	+	537
3675	chr1	143804306	+	593	chr1	143808441	+	489
1213	chr1	144223255	-	477	chr1	144249950	-	255
3673	chr1	148958075	+	460	chr1	148958409	+	463
516	chr1	152641491	-	228	chr1	166452809	+	223
1212	chr1	152641491	-	456	chr1	180541082	-	148
3658	chr1	154793336	+	534	chr1	154795567	+	681
3657	chr1	156756266	+	506	chr1	156758591	+	321
3655	chr1	156978671	+	315	chr1	156978993	+	564
3654	chr1	157134163	+	419	chr1	157136608	+	368
3653	chr1	157227979	+	446	chr1	157232829	+	207
3652	chr1	157915332	+	415	chr1	157916282	+	261
3651	chr1	160319304	+	363	chr1	160319624	+	529
3650	chr1	160497372	+	367	chr1	160497877	+	400
1211	chr1	165968127	-	359	chr1	166300039	-	405
514	chr1	166452809	-	294	chr1	180540938	+	147
3648	chr1	173063183	+	393	chr1	173068471	+	456
3647	chr1	176761909	+	278	chr1	176762265	+	492
3646	chr1	177873911	+	454	chr1	177874682	+	525
3645	chr1	178450468	+	517	chr1	178450788	+	201
3644	chr1	183081362	+	436	chr1	183087418	+	396
3643	chr1	183203676	+	482	chr1	183203998	+	511
3642	chr1	183639729	+	617	chr1	183640067	+	380
1208	chr1	183684026	-	525	chr1	183973557	-	391
3641	chr1	185731451	+	119	chr1	185733348	+	227
3885	chr1	185731451	+	468	chr1	185733350	-	254
513	chr1	185733098	-	341	chr1	185733355	+	466
3640	chr1	185982729	+	409	chr1	185989157	+	560
3639	chr1	186806079	+	503	chr1	186806854	+	458
3638	chr1	187261587	+	470	chr1	187261922	+	514
3637	chr1	187467473	+	415	chr1	187468454	+	268
3636	chr1	195767142	+	491	chr1	195769905	+	462
3882	chr1	196023411	+	463	chr1	196024608	-	483
511	chr1	196023411	-	443	chr1	196024609	+	500
3635	chr1	197040368	+	466	chr1	197042033	+	468
3634	chr1	197705352	+	443	chr1	197706859	+	505
3289	chr1	201206207	+	557	chr1	201207137	+	418
3881	chr1	203445229	+	547	chr1	203445397	-	128
508	chr1	205358969	-	84	chr1	205359818	+	545
3880	chr1	205358985	+	328	chr1	205359052	-	84
3288	chr1	205358985	+	321	chr1	205359818	+	416
1204	chr1	208001630	-	335	chr1	208002698	-	543
3287	chr1	208001958	+	330	chr1	208002699	+	459
1203	chr1	208893848	-	193	chr1	208894150	-	240
3286	chr1	210031683	+	490	chr1	210032455	+	230
3285	chr1	210537765	+	396	chr1	210539246	+	544
3284	chr1	212836726	+	473	chr1	212837062	+	374
3283	chr1	215524594	+	422	chr1	215525026	+	467
3280	chr1	216312261	+	234	chr1	216313112	+	433
3278	chr1	216852553	+	407	chr1	216852873	+	640
3277	chr1	217989946	+	457	chr1	217990264	+	428
3275	chr1	222313740	+	561	chr1	222314216	+	428
3274	chr1	222459457	+	437	chr1	222459770	+	580
3273	chr1	223828945	+	521	chr1	223829264	+	300
3268	chr1	227440011	+	525	chr1	227440390	+	452
3267	chr1	227879160	+	265	chr1	227887463	+	501
3265	chr1	230525216	+	450	chr1	230526877	+	557
3263	chr1	234121214	+	493	chr1	234121552	+	544
3262	chr1	234346049	+	412	chr1	234346599	+	198
3261	chr1	234615726	+	383	chr1	234617969	+	500
3260	chr1	234650848	+	450	chr1	234651604	+	361
3259	chr1	234661562	+	507	chr1	234661887	+	378
3258	chr1	236918945	+	451	chr1	236919888	+	334
3257	chr1	238646935	+	378	chr1	238647611	+	413
3256	chr1	238683630	+	516	chr1	238683954	+	238
3255	chr1	238707870	+	552	chr1	238708272	+	161
3254	chr1	239216496	+	425	chr1	239216821	+	689
3253	chr1	241849368	+	365	chr1	241850377	+	620
3248	chr1	245917098	+	529	chr1	245923151	+	458
3247	chr1	246118102	+	451	chr1	246124262	+	271
3246	chr1	246906179	+	353	chr1	246907531	+	485
3243	chr2	1079755	+	398	chr2	1080707	+	126
3242	chr2	1337076	+	444	chr2	1337523	+	498
3239	chr2	1780722	+	438	chr2	1781074	+	446
3237	chr2	2777781	+	475	chr2	2778306	+	504
3234	chr2	4759184	+	299	chr2	4765249	+	412
3233	chr2	5126641	+	475	chr2	5126967	+	451
3231	chr2	9876687	+	360	chr2	9877038	+	377
506	chr2	10743497	-	482	chr2	10744477	+	167
3230	chr2	16168571	+	447	chr2	16168896	+	519
3228	chr2	19631064	+	483	chr2	19634045	+	572
3227	chr2	20530159	+	416	chr2	20530466	+	592
3224	chr2	33077966	+	552	chr2	33080796	+	451
3223	chr2	34377160	+	460	chr2	34379225	+	487
3221	chr2	38924994	+	479	chr2	38925336	+	434
3219	chr2	41826660	+	404	chr2	41829384	+	447
3218	chr2	42199763	+	357	chr2	42200822	+	477
3216	chr2	44320505	+	320	chr2	44322335	+	174
3214	chr2	48635356	+	199	chr2	48638388	+	451
3213	chr2	48704696	+	532	chr2	48711458	+	404
3210	chr2	54418997	+	449	chr2	54420977	+	446
3183	chr2	66359098	+	449	chr2	66361062	+	535
3182	chr2	69978554	+	445	chr2	69979075	+	470
3181	chr2	70514917	+	481	chr2	70515963	+	322
3178	chr2	76380008	+	428	chr2	76382403	+	499
1184	chr2	82054974	-	432	chr2	82169764	-	468
3177	chr2	82193972	+	447	chr2	82194292	+	440
3176	chr2	82889159	+	249	chr2	82889927	+	293
3173	chr2	88810351	+	491	chr2	88813405	+	463
3164	chr2	99470145	+	399	chr2	99471463	+	461
3163	chr2	101341646	+	397	chr2	101341979	+	574
3160	chr2	106061510	+	359	chr2	106062327	+	228
3159	chr2	106246002	+	355	chr2	106252349	+	463
3157	chr2	108676986	+	326	chr2	108678542	+	144
3156	chr2	110210043	+	416	chr2	111169574	+	441
3154	chr2	115344577	+	406	chr2	115345316	+	414
1179	chr2	119999252	-	315	chr2	119999614	-	317
1178	chr2	120133549	-	125	chr2	120134958	-	541
3152	chr2	120133670	+	124	chr2	120134968	+	507
3150	chr2	121537556	+	455	chr2	121540365	+	458
3149	chr2	121542941	+	541	chr2	121544614	+	533
3147	chr2	125483031	+	323	chr2	125484718	+	143
3146	chr2	126159721	+	499	chr2	126168305	+	537
3145	chr2	127391228	+	570	chr2	127393744	+	476
3848	chr2	131603154	+	110	chr2	131603824	-	418
3144	chr2	132733902	+	400	chr2	132735185	+	477
3592	chr2	132736921	+	365	chr17	42569727	-	203
1174	chr2	132743136	-	387	chr2	132747162	-	284
3579	chr2	132747163	+	281	chrY	10632022	-	306
3597	chr2	132747163	+	319	chr16	33863532	-	369
2775	chr2	132747171	+	293	chr12	36734987	+	183
3141	chr2	134683177	+	485	chr2	134686607	+	425
3139	chr2	146579091	+	394	chr2	146593334	+	468
3123	chr2	153504241	+	355	chr2	153507989	+	382
3121	chr2	159857365	+	435	chr2	159859896	+	197
3117	chr2	162154729	+	349	chr2	162157604	+	456
3114	chr2	169813379	+	438	chr2	169819426	+	493
3112	chr2	170455310	+	574	chr2	170455832	+	412
3111	chr2	172888240	+	442	chr2	172894368	+	210
3110	chr2	176973891	+	344	chr2	176980290	+	506
3847	chr2	177081925	+	535	chr2	177094907	-	529
486	chr2	177085681	-	448	chr2	177094247	+	362
3107	chr2	182064228	+	349	chr2	182064544	+	471
3106	chr2	182273509	+	486	chr2	182273837	+	443
3105	chr2	183958226	+	553	chr2	183958569	+	323
3846	chr2	184277423	+	393	chr2	184280254	-	338
485	chr2	184278020	-	472	chr2	184279308	+	390
3099	chr2	195923061	+	429	chr2	195923473	+	347
3098	chr2	198466641	+	415	chr2	198469885	+	509
1024	chr2	198924569	-	481	chr14	30218953	-	546
3097	chr2	201854896	+	444	chr2	201857688	+	512
3095	chr2	206439437	+	559	chr2	206439760	+	317
3096	chr2	206439444	+	356	chr2	206439767	+	423
3091	chr2	214380150	+	456	chr2	214381205	+	487
3090	chr2	214582950	+	579	chr2	214584460	+	467
3089	chr2	216798181	+	460	chr2	216800748	+	231
3088	chr2	219760799	+	451	chr2	219764477	+	197
3085	chr2	223468430	+	468	chr2	223470923	+	490
3084	chr2	225747827	+	523	chr2	225748304	+	506
3083	chr2	228972590	+	423	chr2	228976582	+	486
3081	chr2	231592368	+	159	chr2	231593549	+	397
3080	chr2	233040962	+	243	chr2	233041724	+	450
3078	chr2	242154776	+	432	chr2	242156007	+	225
1163	chr3	1191895	-	312	chr3	1192444	-	359
3072	chr3	4041937	+	480	chr3	4044568	+	465
3069	chr3	8300639	+	468	chr3	8301812	+	390
3067	chr3	10372475	+	550	chr3	10372839	+	421
3063	chr3	21432512	+	459	chr3	21432835	+	321
3062	chr3	22067365	+	424	chr3	22072813	+	437
3060	chr3	25005891	+	284	chr3	25007253	+	371
3058	chr3	26425974	+	444	chr3	26427303	+	445
3056	chr3	32077056	+	403	chr3	32082889	+	474
3055	chr3	32781827	+	490	chr3	32783146	+	193
3054	chr3	41311685	+	469	chr3	41312234	+	386
3841	chr3	41337146	+	495	chr3	41338115	-	486
3053	chr3	42813377	+	443	chr3	42815831	+	449
481	chr3	44715994	-	463	chr3	44717289	+	134
3840	chr3	44716158	+	311	chr3	44717125	-	291
3051	chr3	45584922	+	510	chr3	45585338	+	295
3048	chr3	47465673	+	399	chr3	47468446	+	575
3047	chr3	49172767	+	222	chr3	49173090	+	417
3046	chr3	49469291	+	452	chr3	49469620	+	431
1159	chr3	66034969	-	503	chr3	66035576	-	137
3045	chr3	67576389	+	448	chr3	67579493	+	484
3044	chr3	68822379	+	426	chr3	68830555	+	454
3038	chr3	75359579	+	566	chr3	75361610	+	298
3036	chr3	75870066	+	446	chr3	75870479	+	289
1157	chr3	76097308	-	111	chr3	76097427	-	169
3035	chr3	76862177	+	305	chr3	76862905	+	211
3034	chr3	78862113	+	502	chr3	78862413	+	576
3033	chr3	81008004	+	423	chr3	81009297	+	389
3029	chr3	83935806	+	507	chr3	83938040	+	358
1155	chr3	96950806	-	539	chr3	96953690	-	240
3024	chr3	100381761	+	447	chr3	100385090	+	458
3023	chr3	100520144	+	548	chr3	100520456	+	410
3021	chr3	102004319	+	451	chr3	102005197	+	379
3020	chr3	107311554	+	470	chr3	107314321	+	612
3018	chr3	113950091	+	329	chr3	113950421	+	477
3015	chr3	117447484	+	414	chr3	117570744	+	472
3014	chr3	117757974	+	403	chr3	117758298	+	492
3013	chr3	121376675	+	473	chr3	121377135	+	537
3011	chr3	124719447	+	531	chr3	124719762	+	434
3010	chr3	126372743	+	204	chr3	126373513	+	508
3009	chr3	126418991	+	242	chr3	126419859	+	405
3006	chr3	131830267	+	513	chr3	131835809	+	481
3005	chr3	133190943	+	395	chr3	133196074	+	351
3004	chr3	133471884	+	408	chr3	133477844	+	305
3003	chr3	134986460	+	410	chr3	134987776	+	357
3002	chr3	136156599	+	431	chr3	136157252	+	537
3001	chr3	137503703	+	483	chr3	137508889	+	321
1151	chr3	142103797	-	277	chr3	142105048	-	537
2998	chr3	147867880	+	415	chr3	147877553	+	301
1150	chr3	147873094	-	330	chr3	147877855	-	306
2996	chr3	149764130	+	132	chr3	149768115	+	382
2995	chr3	150049492	+	382	chr3	150049810	+	438
2994	chr3	150327076	+	479	chr3	150327404	+	403
2993	chr3	150751166	+	426	chr3	150752841	+	443
2991	chr3	153794418	+	514	chr3	153795850	+	488
2988	chr3	157574864	+	287	chr3	157576385	+	477
2984	chr3	163994828	+	498	chr3	164109029	+	371
3837	chr3	164008436	+	460	chr3	164030335	-	627
477	chr3	164028056	-	409	chr3	164030352	+	323
2983	chr3	164247595	+	442	chr3	164251778	+	419
2982	chr3	170221150	+	470	chr3	170221531	+	500
2978	chr3	180032827	+	487	chr3	180033568	+	450
2977	chr3	181137035	+	423	chr3	181137500	+	398
476	chr3	182980061	-	217	chr3	182981094	+	133
2974	chr3	188063727	+	523	chr3	188067996	+	380
2973	chr3	189787544	+	546	chr3	189787876	+	324
2969	chr3	193338792	+	450	chr3	193339130	+	385
2967	chr3	194227049	+	316	chr3	194227589	+	472
2966	chr3	194358026	+	515	chr3	194368102	+	447
2965	chr3	195602461	+	357	chr3	195603218	+	435
2964	chr3	195865432	+	550	chr3	195865824	+	323
2963	chr3	195880166	+	544	chr3	195881774	+	288
2962	chr3	196024582	+	455	chr3	196027548	+	176
1148	chr3	196024598	-	516	chr3	196027718	-	174
2959	chr3	197540440	+	545	chr3	197541369	+	314
2957	chr4	742230	+	328	chr4	743760	+	299
2955	chr4	1495629	+	439	chr4	1497024	+	273
2954	chr4	2367661	+	402	chr4	2368316	+	403
1014	chr4	2911328	-	319	chr12	16861498	-	422
2761	chr4	2911649	+	320	chr12	16861520	+	380
2953	chr4	3581905	+	638	chr4	3582459	+	203
2952	chr4	3583174	+	457	chr4	3588419	+	186
2950	chr4	8046708	+	400	chr4	8047807	+	541
2948	chr4	9745343	+	320	chr4	9745819	+	290
2947	chr4	9820360	+	431	chr4	9843667	+	532
2946	chr4	10001528	+	404	chr4	10011279	+	457
2944	chr4	18688558	+	462	chr4	18694658	+	451
2941	chr4	20770100	+	330	chr4	20776211	+	416
2940	chr4	23330781	+	466	chr4	23331102	+	367
2938	chr4	26565059	+	524	chr4	26566559	+	488
2937	chr4	28030689	+	467	chr4	28031039	+	465
2934	chr4	31057102	+	470	chr4	31059585	+	370
2933	chr4	31101965	+	406	chr4	31102401	+	278
2932	chr4	33523565	+	296	chr4	33524623	+	439
2929	chr4	37008853	+	267	chr4	37009591	+	293
2928	chr4	39162861	+	328	chr4	39164521	+	466
2927	chr4	39701447	+	543	chr4	39702814	+	153
2924	chr4	43626253	+	422	chr4	43626594	+	493
2923	chr4	44202036	+	488	chr4	44202490	+	393
2922	chr4	44204145	+	543	chr4	44204467	+	489
2921	chr4	45897554	+	504	chr4	45899785	+	512
2918	chr4	57782098	+	488	chr4	57782496	+	554
1142	chr4	59123754	-	353	chr4	59130554	-	262
2916	chr4	59123756	+	383	chr4	59130299	+	249
2915	chr4	59627151	+	509	chr4	59633194	+	473
2913	chr4	61621786	+	383	chr4	61624840	+	412
2911	chr4	64466190	+	368	chr4	64467160	+	400
2906	chr4	74050113	+	351	chr4	74050685	+	407
2905	chr4	79488149	+	537	chr4	79494224	+	536
2904	chr4	80424767	+	519	chr4	80425095	+	608
2903	chr4	80579654	+	423	chr4	80581748	+	343
2902	chr4	81107074	+	449	chr4	81113119	+	487
2898	chr4	83148330	+	554	chr4	83150421	+	421
2896	chr4	86783414	+	602	chr4	86783748	+	448
2895	chr4	86879793	+	418	chr4	86880115	+	344
2893	chr4	88487284	+	365	chr4	88493339	+	309
2892	chr4	88702921	+	452	chr4	88705350	+	439
473	chr4	89066187	-	520	chr4	89077723	+	533
2890	chr4	91815820	+	461	chr4	91821943	+	429
2889	chr4	94778477	+	405	chr4	94784528	+	406
2887	chr4	97791137	+	450	chr4	97791456	+	515
2886	chr4	100242071	+	467	chr4	100242465	+	356
2885	chr4	104004615	+	529	chr4	104004962	+	345
2884	chr4	105113495	+	437	chr4	105114129	+	340
2882	chr4	107657253	+	371	chr4	107658036	+	345
2881	chr4	107823749	+	473	chr4	107828706	+	397
2880	chr4	108347269	+	469	chr4	108351175	+	558
2879	chr4	109940602	+	462	chr4	109941765	+	217
2874	chr4	114205396	+	526	chr4	114205858	+	362
2873	chr4	115394577	+	373	chr4	115403287	+	335
2871	chr4	117587246	+	418	chr4	117587939	+	408
2868	chr4	120236700	+	508	chr4	120237020	+	429
2867	chr4	120246692	+	466	chr4	120247028	+	503
2864	chr4	125163017	+	297	chr4	125164651	+	472
2860	chr4	134351843	+	152	chr4	134352475	+	372
2859	chr4	135652480	+	386	chr4	135655151	+	339
2858	chr4	139185661	+	501	chr4	139186668	+	358
2856	chr4	142450232	+	539	chr4	142452516	+	427
2855	chr4	150210032	+	378	chr4	150212031	+	450
2853	chr4	152560160	+	504	chr4	152561007	+	621
2851	chr4	153110899	+	446	chr4	153113132	+	307
2740	chr4	157524719	+	426	chr4	157526386	+	414
2739	chr4	162098484	+	403	chr4	162104398	+	376
2738	chr4	163613455	+	397	chr4	163615872	+	474
2736	chr4	166222123	+	404	chr4	166224561	+	270
2735	chr4	167223766	+	217	chr4	167224369	+	340
2733	chr4	167913611	+	505	chr4	167919646	+	484
2731	chr4	172610987	+	370	chr4	172616001	+	405
2730	chr4	173225214	+	496	chr4	173229506	+	453
2729	chr4	173661607	+	319	chr4	173670095	+	367
2728	chr4	175861744	+	570	chr4	175863548	+	221
989	chr4	179163872	-	427	chr4	179164389	-	391
2723	chr4	182113793	+	529	chr4	182115295	+	432
2722	chr4	182293555	+	423	chr4	182294125	+	459
2717	chr4	186678631	+	498	chr4	186681069	+	424
2714	chr4	189427186	+	514	chr4	189427936	+	100
2713	chr4	190030248	+	506	chr4	190030567	+	449
2710	chr4	190295008	+	451	chr4	190301282	+	407
2709	chr4	190342502	+	370	chr4	190343307	+	197
2708	chr4	190428597	+	419	chr4	190437459	+	428
983	chr4	190772403	-	116	chr4	190772501	-	77
2704	chr4	190772499	+	230	chr4	190775372	+	334
3554	chr4	190822807	+	572	chr4	190850110	-	442
2699	chr4	190844209	+	439	chr4	190847295	+	419
2698	chr4	190861634	+	527	chr4	190861981	+	405
2697	chr4	190893517	+	354	chr4	190894523	+	138
2696	chr4	190899926	+	417	chr4	190900721	+	455
2695	chr4	191035650	+	261	chr4	191037595	+	478
2693	chr5	540079	+	568	chr5	540661	+	448
2690	chr5	1231294	+	341	chr5	1233770	+	530
2688	chr5	1977591	+	587	chr5	1978203	+	538
2686	chr5	2004091	+	416	chr5	2004516	+	327
2685	chr5	2021403	+	502	chr5	2024591	+	526
2680	chr5	9464774	+	539	chr5	9465088	+	509
2679	chr5	10627956	+	312	chr5	10628303	+	452
2675	chr5	13469604	+	415	chr5	13475866	+	522
2669	chr5	24406299	+	345	chr5	24409208	+	437
2666	chr5	26146958	+	574	chr5	26147286	+	446
2665	chr5	26832458	+	486	chr5	26837656	+	443
285	chr5	28968612	-	414	chr5	28970640	+	170
2663	chr5	30951280	+	314	chr5	30951816	+	443
2661	chr5	33391332	+	515	chr5	33391663	+	366
2659	chr5	41635207	+	449	chr5	41635885	+	419
2657	chr5	42201695	+	362	chr5	42203536	+	434
2656	chr5	44830753	+	442	chr5	44831330	+	358
2653	chr5	52267545	+	347	chr5	52267878	+	495
3550	chr5	53158520	+	151	chr5	53161242	-	447
2652	chr5	53212698	+	450	chr5	53213003	+	496
2649	chr5	57359235	+	514	chr5	57369537	+	429
2648	chr5	57715757	+	476	chr5	57721866	+	432
2645	chr5	63734102	+	441	chr5	63737115	+	462
2644	chr5	65063855	+	637	chr5	65066152	+	423
2641	chr5	78312519	+	389	chr5	78312843	+	541
2637	chr5	80721359	+	535	chr5	80722334	+	191
2632	chr5	88067785	+	438	chr5	88068115	+	527
2630	chr5	90535531	+	427	chr5	90537854	+	445
2629	chr5	91516543	+	435	chr5	91516897	+	257
2628	chr5	95369082	+	481	chr5	95369436	+	423
2627	chr5	95935487	+	336	chr5	95935833	+	550
2626	chr5	97427315	+	492	chr5	97428514	+	540
974	chr5	98637434	-	443	chr5	98642008	-	457
973	chr5	99121222	-	135	chr5	99121522	-	186
2625	chr5	103090215	+	495	chr5	103090537	+	334
2622	chr5	106352650	+	515	chr5	106354342	+	462
2621	chr5	106998063	+	448	chr5	106998446	+	420
2620	chr5	113486954	+	448	chr5	113487277	+	512
2618	chr5	114784405	+	392	chr5	114785796	+	527
2617	chr5	114997391	+	419	chr5	114997866	+	269
2616	chr5	115158366	+	338	chr5	115158715	+	670
2612	chr5	119408045	+	410	chr5	119410579	+	408
2609	chr5	126486277	+	426	chr5	126486715	+	554
2606	chr5	132946879	+	464	chr5	132952905	+	512
2605	chr5	135143126	+	448	chr5	135148583	+	401
2604	chr5	136882600	+	309	chr5	136884316	+	374
2603	chr5	137050477	+	420	chr5	137051801	+	449
972	chr5	143492681	-	379	chr5	143495244	-	484
2600	chr5	143493060	+	382	chr5	143495240	+	524
3549	chr5	147533232	+	483	chr5	147534808	-	365
282	chr5	147534432	-	362	chr5	147534971	+	391
2598	chr5	149421934	+	531	chr5	149422359	+	466
2596	chr5	151436609	+	719	chr5	151442643	+	483
2595	chr5	155244366	+	427	chr5	155245157	+	386
2594	chr5	158524986	+	509	chr5	158525331	+	387
2591	chr5	162794351	+	408	chr5	162795869	+	455
281	chr5	169530045	-	226	chr5	169531333	+	514
3548	chr5	169530275	+	232	chr5	169531327	-	456
2586	chr5	172822334	+	318	chr5	172822667	+	531
2585	chr5	177754543	+	213	chr5	177756479	+	196
969	chr5	177944983	-	354	chr5	177945349	-	219
2583	chr6	802170	+	182	chr6	802727	+	303
2581	chr6	4982248	+	478	chr6	4984185	+	479
2580	chr6	5080238	+	378	chr6	5080770	+	252
2579	chr6	5843448	+	540	chr6	5843876	+	420
2578	chr6	7662383	+	486	chr6	7662718	+	478
2576	chr6	9568378	+	402	chr6	9568715	+	472
2575	chr6	10178791	+	524	chr6	10179104	+	479
3547	chr6	12540000	+	437	chr6	12540505	-	433
2572	chr6	13990531	+	521	chr6	13991834	+	274
2570	chr6	16992947	+	346	chr6	16994075	+	197
2568	chr6	18510069	+	456	chr6	18510849	+	482
2567	chr6	19873104	+	343	chr6	19879182	+	309
2565	chr6	22160749	+	424	chr6	22161707	+	487
2559	chr6	24433345	+	374	chr6	24435791	+	439
2558	chr6	24919866	+	560	chr6	24925941	+	658
3546	chr6	25755688	+	451	chr6	25755905	-	219
2554	chr6	29793467	+	589	chr6	29796078	+	603
2553	chr6	29923090	+	420	chr6	29923586	+	320
2552	chr6	30007761	+	438	chr6	30009519	+	441
2549	chr6	31319598	+	416	chr6	31321098	+	404
2548	chr6	31529482	+	433	chr6	31532371	+	75
962	chr6	32558702	-	359	chr6	32666277	-	156
2545	chr6	32562664	+	259	chr6	32649280	+	337
2540	chr6	32669941	+	566	chr6	32672594	+	379
2538	chr6	32702457	+	394	chr6	32704450	+	139
959	chr6	32702471	-	606	chr6	32704586	-	116
2536	chr6	32886733	+	483	chr6	32887798	+	268
2535	chr6	33201402	+	557	chr6	33201733	+	626
2534	chr6	33691176	+	526	chr6	33693823	+	372
2533	chr6	34425053	+	275	chr6	34427579	+	362
2532	chr6	34807900	+	286	chr6	34809096	+	397
2531	chr6	35734412	+	303	chr6	35737724	+	339
958	chr6	35862538	-	591	chr6	35874763	-	390
2523	chr6	51844070	+	448	chr6	51844765	+	389
956	chr6	54032616	-	149	chr6	54036668	-	475
2520	chr6	54032764	+	152	chr6	54042789	+	494
2521	chr6	54036668	+	300	chr6	54042787	+	300
2517	chr6	54972337	+	552	chr6	54972664	+	460
2516	chr6	55933916	+	440	chr6	55954671	+	454
2515	chr6	57392870	+	441	chr6	57397315	+	437
2514	chr6	57405149	+	398	chr6	57409205	+	514
2513	chr6	57531030	+	484	chr6	57537082	+	490
2512	chr6	57586113	+	466	chr6	57586820	+	495
2511	chr6	57691648	+	442	chr6	57698241	+	578
2505	chr6	65767731	+	348	chr6	65772438	+	580
2504	chr6	66651765	+	482	chr6	66652559	+	521
2502	chr6	68158254	+	408	chr6	68168889	+	398
2501	chr6	69198893	+	394	chr6	69199836	+	371
2499	chr6	74922168	+	415	chr6	74923319	+	417
2498	chr6	77154216	+	487	chr6	77159365	+	228
2497	chr6	79023854	+	251	chr6	79093194	+	365
2494	chr6	81682690	+	385	chr6	81687385	+	431
2493	chr6	85374877	+	455	chr6	85380954	+	441
2490	chr6	88342524	+	460	chr6	88343000	+	257
2489	chr6	89978472	+	485	chr6	89978895	+	270
3544	chr6	89980352	+	495	chr6	89980662	-	313
3543	chr6	94797795	+	256	chr6	94798047	-	182
2487	chr6	95250045	+	428	chr6	95251059	+	461
2485	chr6	100141222	+	474	chr6	100142042	+	486
2483	chr6	105674546	+	557	chr6	105674881	+	538
2481	chr6	108138036	+	216	chr6	108139095	+	459
2480	chr6	111177707	+	541	chr6	111178262	+	493
2479	chr6	114330638	+	407	chr6	114331732	+	493
2478	chr6	116857523	+	529	chr6	116857842	+	443
950	chr6	119118411	-	392	chr6	119120619	-	554
2477	chr6	119118981	+	488	chr6	119120620	+	533
2476	chr6	119459218	+	565	chr6	119459546	+	311
2475	chr6	121361005	+	581	chr6	121361329	+	451
2469	chr6	129361211	+	465	chr6	129367270	+	413
277	chr6	130889878	-	370	chr6	130893988	+	475
3542	chr6	130889879	+	499	chr6	130893987	-	240
2468	chr6	131459695	+	304	chr6	131460680	+	379
276	chr6	131926498	-	125	chr6	131926647	+	504
3541	chr6	131926540	+	398	chr6	131926605	-	79
2467	chr6	133383520	+	465	chr6	133389585	+	425
2466	chr6	133413194	+	431	chr6	133413538	+	435
2465	chr6	134310673	+	516	chr6	134311421	+	437
2456	chr6	137355387	+	533	chr6	137355880	+	424
2455	chr6	141096917	+	481	chr6	141097416	+	410
2453	chr6	141590317	+	393	chr6	141591723	+	535
2452	chr6	144238150	+	375	chr6	144241575	+	419
2451	chr6	149843625	+	399	chr6	149844584	+	458
2450	chr6	150417007	+	383	chr6	150418332	+	381
2449	chr6	151527806	+	529	chr6	151528887	+	301
2448	chr6	152431682	+	516	chr6	152433926	+	430
2447	chr6	153071674	+	479	chr6	153075492	+	441
2445	chr6	154488622	+	521	chr6	154488945	+	478
2444	chr6	158468268	+	506	chr6	158469068	+	387
2441	chr6	167408060	+	402	chr6	167409592	+	414
2440	chr6	167583479	+	265	chr6	167742197	+	182
943	chr6	167794943	-	278	chr6	167795403	-	382
2438	chr6	169970965	+	420	chr6	169971381	+	347
2437	chr6	170417853	+	388	chr6	170418737	+	313
939	chr7	489030	-	206	chr7	489417	-	312
938	chr7	572537	-	250	chr7	572817	-	127
2433	chr7	1133998	+	366	chr7	1135669	+	258
2432	chr7	1151595	+	440	chr7	1154185	+	475
2431	chr7	1301196	+	569	chr7	1301719	+	254
2430	chr7	4047791	+	548	chr7	4048823	+	431
2419	chr7	16138298	+	454	chr7	16140597	+	425
2418	chr7	22401328	+	560	chr7	22403288	+	434
2417	chr7	24004690	+	429	chr7	24006599	+	542
936	chr7	24034839	-	215	chr7	24035045	-	236
2414	chr7	25011130	+	172	chr7	25011459	+	562
2413	chr7	25023986	+	486	chr7	25026395	+	401
2409	chr7	28180829	+	408	chr7	28181193	+	499
2408	chr7	31282181	+	404	chr7	31285607	+	393
2407	chr7	32356690	+	435	chr7	32359637	+	494
2406	chr7	33370071	+	519	chr7	33370399	+	344
2404	chr7	33865381	+	500	chr7	33865712	+	379
2405	chr7	33865381	+	342	chr7	33865712	+	492
2403	chr7	36407747	+	459	chr7	36408521	+	215
2402	chr7	37965041	+	514	chr7	37965356	+	401
2401	chr7	38474997	+	495	chr7	38475325	+	444
2400	chr7	38479547	+	481	chr7	38479884	+	365
2399	chr7	39353794	+	366	chr7	39354414	+	355
2397	chr7	42571162	+	479	chr7	42571504	+	368
2395	chr7	49522621	+	527	chr7	49522939	+	471
2382	chr7	54563980	+	457	chr7	54564927	+	466
2381	chr7	54636468	+	398	chr7	54637033	+	743
2379	chr7	56729478	+	534	chr7	56737445	+	473
2376	chr7	62467038	+	425	chr7	62473050	+	534
3528	chr7	62750187	+	374	chr7	101475691	-	83
2375	chr7	63953253	+	602	chr7	63955504	+	498
2374	chr7	64050811	+	527	chr7	64051469	+	569
2373	chr7	65227139	+	369	chr7	65229401	+	513
2370	chr7	65831369	+	162	chr7	73020063	+	193
3525	chr7	67273208	+	348	chr7	97921134	-	656
2368	chr7	67364377	+	492	chr7	67364698	+	333
2367	chr7	68100019	+	485	chr7	68100338	+	380
3527	chr7	70058905	+	345	chr7	70076821	-	574
254	chr7	70064120	-	294	chr7	70076816	+	470
2366	chr7	70849840	+	497	chr7	70850898	+	405
2359	chr7	81279609	+	536	chr7	81280516	+	294
2357	chr7	86241066	+	552	chr7	86243973	+	588
2356	chr7	86674565	+	524	chr7	86674874	+	316
2354	chr7	87929243	+	705	chr7	87929693	+	498
2353	chr7	89392136	+	499	chr7	89392521	+	350
2351	chr7	89648345	+	489	chr7	89650537	+	390
2350	chr7	93254877	+	164	chr7	93260941	+	371
2349	chr7	93379752	+	283	chr7	93380475	+	355
2348	chr7	95224204	+	490	chr7	95224535	+	412
2347	chr7	96313837	+	432	chr7	96319945	+	480
922	chr7	100388521	-	447	chr7	100389180	-	257
2345	chr7	100388722	+	749	chr7	100389180	+	113
2344	chr7	100400459	+	457	chr7	100401199	+	203
2342	chr7	100787986	+	444	chr7	100792223	+	365
2343	chr7	100787986	+	295	chr7	100790532	+	243
2341	chr7	100868002	+	566	chr7	100868967	+	289
3524	chr7	101511266	+	419	chr7	101514418	-	124
2339	chr7	102587907	+	324	chr7	102588627	+	232
2338	chr7	103250316	+	444	chr7	103250638	+	469
2335	chr7	103974637	+	477	chr7	103974968	+	487
2333	chr7	105095100	+	465	chr7	105095415	+	479
2331	chr7	109969223	+	623	chr7	109975668	+	415
2330	chr7	113203400	+	597	chr7	113209446	+	589
2326	chr7	118131051	+	515	chr7	118131406	+	381
2325	chr7	120668352	+	499	chr7	120668690	+	503
2324	chr7	125052346	+	493	chr7	125052677	+	466
2323	chr7	125833125	+	466	chr7	125838686	+	355
2322	chr7	127407401	+	328	chr7	127407719	+	460
2321	chr7	127553664	+	498	chr7	127553978	+	440
2319	chr7	132758227	+	556	chr7	132758559	+	291
2318	chr7	133435543	+	331	chr7	133448872	+	352
2317	chr7	134000547	+	500	chr7	134000970	+	199
2316	chr7	137946994	+	347	chr7	137947761	+	480
921	chr7	139828055	-	110	chr7	139835689	-	436
2311	chr7	141726639	+	491	chr7	141726977	+	491
2308	chr7	147703799	+	397	chr7	147707259	+	556
2306	chr7	148363301	+	133	chr7	148374534	+	427
2304	chr7	150093999	+	500	chr7	150094341	+	512
250	chr7	150640856	-	474	chr7	150643038	+	482
3522	chr7	150641362	+	343	chr7	150643036	-	533
2303	chr7	151876302	+	471	chr7	151877267	+	231
2302	chr7	151912636	+	330	chr7	151915249	+	407
2301	chr7	152941071	+	383	chr7	152941761	+	559
2300	chr7	153784750	+	455	chr7	153786009	+	509
2299	chr7	154023032	+	562	chr7	154030884	+	87
919	chr7	154507485	-	424	chr7	154511559	-	515
2296	chr7	154507932	+	435	chr7	154511564	+	327
2295	chr7	157722243	+	585	chr7	157723217	+	464
2294	chr7	157739479	+	619	chr7	157740148	+	371
2292	chr7	158193511	+	464	chr7	158197525	+	406
2291	chr7	158691753	+	318	chr7	158692614	+	184
2289	chr7	158802673	+	573	chr7	158817343	+	531
2288	chr8	584397	+	515	chr8	589414	+	442
2287	chr8	951000	+	232	chr8	955059	+	364
2286	chr8	1310736	+	242	chr8	1311708	+	108
914	chr8	1779913	-	122	chr8	1780038	-	118
2284	chr8	1810271	+	427	chr8	1810861	+	360
2283	chr8	1824423	+	305	chr8	1825366	+	223
2282	chr8	2202770	+	396	chr8	2203553	+	383
2281	chr8	3982289	+	470	chr8	3982746	+	464
2277	chr8	8423458	+	544	chr8	8424372	+	291
2276	chr8	9535300	+	507	chr8	9538433	+	333
2275	chr8	11282971	+	596	chr8	11284620	+	581
2270	chr8	18498900	+	400	chr8	18500233	+	411
2269	chr8	18695738	+	462	chr8	18696712	+	425
2268	chr8	30511833	+	450	chr8	30512137	+	490
2267	chr8	31690797	+	341	chr8	31691150	+	471
2266	chr8	32799551	+	359	chr8	32810807	+	482
2265	chr8	37170043	+	416	chr8	37171017	+	553
2263	chr8	39351231	+	451	chr8	39506385	+	322
2262	chr8	40408864	+	312	chr8	40415370	+	435
2259	chr8	42309625	+	476	chr8	42313588	+	330
2255	chr8	51193644	+	510	chr8	51200882	+	447
2253	chr8	56563771	+	341	chr8	56564087	+	521
910	chr8	58278874	-	496	chr8	58285598	-	543
2252	chr8	58279451	+	485	chr8	58280825	+	349
909	chr8	58280822	-	431	chr8	58290572	-	487
2251	chr8	58285604	+	434	chr8	58289985	+	429
908	chr8	58334986	-	444	chr8	58335456	-	394
2250	chr8	59241015	+	496	chr8	59241351	+	232
2249	chr8	59241018	+	341	chr8	59241354	+	591
2240	chr8	68889887	+	409	chr8	68890219	+	375
2239	chr8	69260472	+	464	chr8	69260891	+	392
2237	chr8	72713972	+	446	chr8	72714306	+	441
245	chr8	73186173	-	243	chr8	73186418	+	430
2236	chr8	73950323	+	473	chr8	73956381	+	509
2235	chr8	75525426	+	438	chr8	75529519	+	460
2234	chr8	76289457	+	480	chr8	76289781	+	435
2233	chr8	77499940	+	429	chr8	77500985	+	441
244	chr8	79586178	-	403	chr8	111360569	+	445
3513	chr8	79586181	+	424	chr8	111360566	-	427
2231	chr8	82207573	+	512	chr8	82209179	+	473
2229	chr8	87257368	+	524	chr8	87262863	+	622
2225	chr8	97167264	+	552	chr8	97167616	+	158
2226	chr8	97167264	+	378	chr8	97167616	+	482
2223	chr8	98664585	+	469	chr8	98664924	+	403
2220	chr8	104452090	+	400	chr8	104452410	+	337
2219	chr8	107580285	+	548	chr8	107580610	+	477
2217	chr8	108189410	+	346	chr8	108189733	+	576
2212	chr8	112363228	+	229	chr8	112366316	+	644
2211	chr8	113154612	+	428	chr8	113154942	+	550
2210	chr8	113295038	+	472	chr8	113295381	+	493
2209	chr8	114125671	+	406	chr8	114127951	+	534
2207	chr8	115148491	+	447	chr8	115149848	+	418
2206	chr8	116557409	+	408	chr8	116557738	+	538
3510	chr8	118942919	+	468	chr8	118944518	-	122
2204	chr8	118942919	+	345	chr8	118944774	+	398
239	chr8	118944399	-	122	chr8	118944786	+	479
2203	chr8	119049953	+	270	chr8	119050304	+	561
2202	chr8	119516239	+	468	chr8	119516550	+	561
2201	chr8	120223725	+	510	chr8	120230398	+	565
2199	chr8	121750866	+	452	chr8	121751185	+	487
2197	chr8	126664305	+	570	chr8	126670318	+	561
2196	chr8	126750571	+	392	chr8	126750902	+	524
2194	chr8	129534339	+	485	chr8	129540452	+	484
2190	chr8	131919931	+	575	chr8	131921920	+	449
238	chr8	131979118	-	441	chr8	131979750	+	71
2189	chr8	135152100	+	502	chr8	135158202	+	491
2188	chr8	137786011	+	474	chr8	137786337	+	532
2186	chr8	138812149	+	503	chr8	138813045	+	498
2184	chr8	144127804	+	183	chr8	144128553	+	216
2183	chr8	144771630	+	468	chr8	144785838	+	486
2182	chr8	144794759	+	486	chr8	144795091	+	526
2180	chr8	146027877	+	581	chr8	146028688	+	363
2179	chr9	310205	+	516	chr9	312462	+	358
2178	chr9	697499	+	182	chr9	698297	+	213
2176	chr9	4366419	+	401	chr9	4367646	+	359
2173	chr9	10394564	+	384	chr9	10395094	+	396
2172	chr9	12546849	+	551	chr9	12549662	+	366
2171	chr9	13561329	+	382	chr9	13565952	+	488
2170	chr9	15805309	+	423	chr9	15811943	+	138
2168	chr9	16379407	+	375	chr9	16379743	+	583
2163	chr9	31281356	+	545	chr9	31282673	+	396
2162	chr9	33203183	+	480	chr9	33204043	+	265
895	chr9	34671480	-	489	chr9	34671976	-	130
2160	chr9	36446447	+	476	chr9	36447189	+	353
237	chr9	42405991	-	87	chr9	44010662	+	124
893	chr9	44010660	-	128	chr9	44010786	-	108
235	chr9	66195510	-	446	chr9	67903828	+	352
2157	chr9	67912564	+	679	chr9	67913638	+	555
2154	chr9	70927942	+	396	chr9	70933176	+	430
2153	chr9	70994347	+	407	chr9	70994821	+	410
2152	chr9	71085304	+	502	chr9	71086464	+	75
2151	chr9	75207470	+	557	chr9	75217463	+	471
232	chr9	76087958	-	221	chr9	76088209	+	196
2149	chr9	78109387	+	331	chr9	78111914	+	232
2148	chr9	78745580	+	459	chr9	78747922	+	406
2147	chr9	80915598	+	519	chr9	80915919	+	395
2146	chr9	82261478	+	595	chr9	82261887	+	417
2144	chr9	83514183	+	519	chr9	83516761	+	324
2142	chr9	84223679	+	409	chr9	84224021	+	392
3505	chr9	88344377	+	413	chr9	88345750	-	90
2141	chr9	88344377	+	366	chr9	88345766	+	275
231	chr9	88345662	-	88	chr9	88345767	+	394
2140	chr9	88988922	+	416	chr9	88989236	+	552
2139	chr9	90048816	+	386	chr9	90050796	+	455
2138	chr9	90598302	+	597	chr9	90599101	+	347
2137	chr9	95510176	+	409	chr9	95511286	+	418
2134	chr9	100348868	+	411	chr9	100351489	+	459
2133	chr9	103259520	+	448	chr9	103260203	+	461
2132	chr9	103483790	+	435	chr9	103484556	+	255
230	chr9	106856456	-	321	chr9	106857169	+	348
3504	chr9	106856800	+	325	chr9	106857162	-	388
2130	chr9	109058107	+	282	chr9	109060678	+	344
2128	chr9	114976918	+	615	chr9	114977213	+	476
2127	chr9	118516898	+	463	chr9	118517232	+	496
2126	chr9	121571666	+	505	chr9	121571984	+	462
888	chr9	123266723	-	500	chr9	123267639	-	521
2124	chr9	130740812	+	391	chr9	130742044	+	339
887	chr9	131198488	-	433	chr9	131198957	-	333
2122	chr9	132372946	+	360	chr9	132377243	+	309
2118	chr9	135403936	+	511	chr9	135404260	+	536
2116	chr9	135682289	+	395	chr9	135683441	+	225
2115	chr9	137353887	+	454	chr9	137357427	+	405
2114	chr9	137618924	+	476	chr9	137620023	+	442
884	chr9	139683587	-	176	chr9	139683852	-	215
2113	chr9	139892490	+	213	chr9	139897015	+	356
2112	chr9	139893433	+	110	chr9	139897017	+	513
2111	chr9	139903205	+	546	chr9	139905103	+	409
2110	chr10	453821	+	524	chr10	454263	+	361
2109	chr10	819775	+	401	chr10	820446	+	170
2105	chr10	4280063	+	468	chr10	4281683	+	249
2103	chr10	4698518	+	495	chr10	4700522	+	376
882	chr10	5192142	-	234	chr10	5314899	-	123
2102	chr10	5277315	+	420	chr10	5283361	+	372
2100	chr10	5627098	+	480	chr10	5677128	+	468
2099	chr10	6137384	+	443	chr10	6137882	+	483
2098	chr10	6292017	+	351	chr10	6292973	+	300
2097	chr10	6451586	+	534	chr10	6457652	+	502
2096	chr10	7117046	+	506	chr10	7118307	+	462
2093	chr10	10823777	+	303	chr10	10825302	+	420
2091	chr10	12600476	+	483	chr10	12602990	+	435
228	chr10	12907150	+	404	chr10	12907175	-	77
3502	chr10	12907177	+	510	chr10	12907250	-	76
2089	chr10	18543082	+	438	chr10	18543596	+	533
2086	chr10	24416843	+	379	chr10	24418447	+	478
2085	chr10	25138095	+	499	chr10	25138433	+	382
2084	chr10	27039081	+	558	chr10	27042219	+	270
2083	chr10	27264209	+	364	chr10	27268094	+	311
2082	chr10	29752153	+	413	chr10	29752728	+	361
2081	chr10	31483374	+	424	chr10	31484888	+	283
2080	chr10	32297891	+	372	chr10	32300623	+	466
219	chr10	46443100	-	351	chr10	46479579	+	371
3498	chr10	46443240	+	347	chr10	46479701	-	315
2062	chr10	46508391	+	528	chr10	46508719	+	496
2061	chr10	47112703	+	426	chr10	47113192	+	169
2060	chr10	49587177	+	508	chr10	49587500	+	507
2058	chr10	53685853	+	455	chr10	53688369	+	278
2053	chr10	56352786	+	334	chr10	56354366	+	378
2049	chr10	58879793	+	495	chr10	58881859	+	378
218	chr10	58927664	-	272	chr10	58927993	+	417
2047	chr10	66702392	+	457	chr10	66702807	+	518
217	chr10	67098629	-	90	chr10	67098743	+	452
2045	chr10	70456367	+	145	chr10	70457350	+	387
2044	chr10	70668130	+	589	chr10	70668453	+	344
2043	chr10	72118746	+	104	chr10	72121345	+	560
862	chr10	76781868	-	228	chr10	76782097	-	236
2042	chr10	77925584	+	261	chr10	77931031	+	346
2041	chr10	78470917	+	453	chr10	78471236	+	440
2040	chr10	80762188	+	498	chr10	80762786	+	221
2038	chr10	86791754	+	442	chr10	86792420	+	160
861	chr10	86791756	-	496	chr10	86792583	-	164
2035	chr10	89265777	+	396	chr10	89266548	+	153
2032	chr10	94124579	+	524	chr10	94127633	+	261
2031	chr10	95535467	+	454	chr10	95536485	+	495
857	chr10	97196775	-	261	chr10	97198010	-	323
2030	chr10	97197045	+	149	chr10	97198018	+	456
2029	chr10	99024862	+	591	chr10	99027396	+	525
2028	chr10	107242992	+	458	chr10	107243345	+	511
2027	chr10	107940674	+	489	chr10	107941587	+	528
2026	chr10	107985984	+	400	chr10	107987724	+	445
2025	chr10	108020311	+	367	chr10	108022535	+	343
2023	chr10	111562114	+	549	chr10	111568220	+	612
2022	chr10	114102173	+	450	chr10	114106650	+	506
2020	chr10	119624273	+	520	chr10	119624604	+	440
2019	chr10	122216851	+	482	chr10	122219000	+	221
216	chr10	127180407	-	238	chr10	127180681	+	495
3495	chr10	127180966	+	560	chr10	127187217	-	546
2013	chr10	127735173	+	471	chr10	127735974	+	539
2011	chr10	130726861	+	494	chr10	130727264	+	471
2009	chr10	132748479	+	449	chr10	132748828	+	368
2006	chr10	133321830	+	393	chr10	133324182	+	465
854	chr10	133502116	-	189	chr10	133502333	-	211
2005	chr10	134026268	+	666	chr10	134026785	+	205
2004	chr10	134954857	+	348	chr10	134955981	+	182
853	chr11	596377	-	524	chr11	836635	-	349
852	chr11	632713	-	88	chr11	632853	-	93
2000	chr11	970044	+	214	chr11	970572	+	295
849	chr11	1169432	-	398	chr11	1170150	-	482
1999	chr11	1871832	+	373	chr11	1893531	+	450
1994	chr11	5716663	+	445	chr11	5718941	+	386
1993	chr11	5741147	+	370	chr11	5765860	+	402
1992	chr11	7673491	+	512	chr11	7673807	+	508
1991	chr11	9280329	+	433	chr11	9281340	+	335
1989	chr11	10249322	+	396	chr11	10250428	+	409
1987	chr11	12109134	+	563	chr11	12109458	+	280
1988	chr11	12109134	+	398	chr11	12109458	+	549
1986	chr11	12358301	+	442	chr11	12358925	+	518
1984	chr11	16952754	+	370	chr11	16953178	+	517
1982	chr11	24399729	+	445	chr11	24408863	+	430
214	chr11	25033248	-	476	chr11	25035123	+	201
1981	chr11	25039129	+	454	chr11	25042303	+	413
1979	chr11	28963778	+	450	chr11	28969464	+	306
1978	chr11	29096067	+	741	chr11	29097016	+	290
1977	chr11	29924155	+	348	chr11	29925043	+	427
1974	chr11	31873303	+	501	chr11	31873632	+	471
1971	chr11	34684699	+	353	chr11	34685194	+	514
1969	chr11	39761707	+	468	chr11	39762042	+	314
1967	chr11	41774774	+	346	chr11	41775600	+	485
1964	chr11	43848420	+	474	chr11	43848756	+	467
1963	chr11	45386425	+	429	chr11	45388192	+	459
1962	chr11	47014164	+	301	chr11	47020282	+	436
1961	chr11	47844243	+	459	chr11	47844770	+	439
1959	chr11	48308216	+	393	chr11	48308717	+	409
1957	chr11	48324098	+	527	chr11	48330279	+	454
1956	chr11	48557434	+	408	chr11	48560860	+	430
1947	chr11	56196348	+	498	chr11	56196845	+	424
3489	chr11	57723924	+	430	chr11	78046678	-	176
1946	chr11	57923575	+	376	chr11	57924743	+	436
1945	chr11	63455485	+	375	chr11	63458230	+	288
3490	chr11	65775274	+	331	chr11	65776457	-	436
211	chr11	65775570	-	375	chr11	65776578	+	202
1943	chr11	69110024	+	244	chr11	69110586	+	311
1941	chr11	69367638	+	278	chr11	69368141	+	134
842	chr11	69367867	-	202	chr11	69368229	-	86
841	chr11	69895078	-	235	chr11	69895324	-	201
840	chr11	70479233	-	101	chr11	70479352	-	108
1940	chr11	73702556	+	418	chr11	73705038	+	418
1939	chr11	85981878	+	504	chr11	85984206	+	420
1936	chr11	92660787	+	548	chr11	92661808	+	548
1933	chr11	97753418	+	429	chr11	97753812	+	336
1932	chr11	97769811	+	87	chr11	97774197	+	250
209	chr11	97769812	-	201	chr11	97774201	+	412
3487	chr11	99195693	+	384	chr11	99196517	-	366
1929	chr11	101977068	+	308	chr11	101977384	+	505
1928	chr11	102916041	+	526	chr11	102916354	+	426
1927	chr11	103515693	+	397	chr11	103516037	+	446
1925	chr11	103772961	+	494	chr11	103778442	+	385
1924	chr11	109481922	+	320	chr11	109482248	+	391
1918	chr11	112122958	+	414	chr11	112123363	+	450
829	chr11	113310742	-	277	chr11	113311387	-	450
1917	chr11	113311026	+	267	chr11	113311399	+	400
1916	chr11	113930121	+	439	chr11	113937141	+	568
1913	chr11	113938523	+	506	chr11	130735676	+	380
827	chr11	119437386	-	116	chr11	119437867	-	414
1914	chr11	119892854	+	468	chr11	119893580	+	453
1912	chr11	120370797	+	489	chr11	120372613	+	470
1911	chr11	121852806	+	418	chr11	121854510	+	498
1910	chr11	124280245	+	397	chr11	124283509	+	271
3479	chr11	126007806	+	302	chr11	126007877	-	80
1907	chr11	128187926	+	520	chr11	128188620	+	367
1904	chr11	134110402	+	527	chr11	134111086	+	437
1899	chr12	3177187	+	634	chr12	3178328	+	325
1898	chr12	4952531	+	405	chr12	4953433	+	404
1897	chr12	7714120	+	384	chr12	7715798	+	131
1895	chr12	8908351	+	488	chr12	8909378	+	278
200	chr12	12436120	-	317	chr12	12437889	+	345
3476	chr12	12436200	+	322	chr12	12437784	-	346
824	chr12	13055636	-	429	chr12	13056119	-	435
1891	chr12	13943590	+	480	chr12	13944085	+	321
1890	chr12	16311390	+	469	chr12	16312550	+	479
1889	chr12	17336094	+	490	chr12	17337206	+	346
1888	chr12	23830789	+	431	chr12	23831356	+	349
198	chr12	25847393	-	303	chr12	124367100	+	289
1886	chr12	26402304	+	574	chr12	26402636	+	425
1882	chr12	29464687	+	332	chr12	29465028	+	529
1881	chr12	30262584	+	457	chr12	30263009	+	446
1880	chr12	30809559	+	425	chr12	30810059	+	369
823	chr12	31838309	-	431	chr12	31843412	-	94
1877	chr12	37764198	+	237	chr12	37769412	+	506
1873	chr12	40524332	+	416	chr12	40525156	+	452
1872	chr12	42263719	+	416	chr12	42265819	+	533
1870	chr12	44189420	+	490	chr12	44196206	+	436
1869	chr12	45361633	+	548	chr12	45361981	+	411
822	chr12	46620912	-	382	chr12	46621303	-	213
1865	chr12	58808112	+	510	chr12	58811308	+	453
1864	chr12	67542046	+	183	chr12	67542788	+	504
1863	chr12	68881131	+	365	chr12	68883862	+	541
199	chr12	68966879	-	364	chr12	68968332	+	412
1861	chr12	69888628	+	315	chr12	69890744	+	262
1860	chr12	70642936	+	467	chr12	70644500	+	344
821	chr12	78678860	-	461	chr12	78686738	-	313
1858	chr12	82368180	+	394	chr12	82368744	+	511
1856	chr12	83117245	+	329	chr12	83120148	+	491
1855	chr12	85728918	+	473	chr12	85729821	+	508
820	chr12	85728942	-	436	chr12	85729955	-	138
1854	chr12	92028424	+	438	chr12	92029518	+	499
1852	chr12	93768157	+	425	chr12	93768580	+	380
1850	chr12	94864479	+	446	chr12	94867088	+	487
1848	chr12	98058103	+	382	chr12	98062704	+	456
1847	chr12	102817537	+	433	chr12	102817865	+	446
1846	chr12	104205113	+	440	chr12	104205732	+	612
1845	chr12	104297655	+	421	chr12	104298078	+	363
3474	chr12	110460670	+	476	chr12	110464376	-	92
1844	chr12	110460671	+	274	chr12	110464391	+	388
1842	chr12	115571267	+	443	chr12	115572606	+	411
3472	chr12	126957019	+	479	chr12	126957891	-	110
1831	chr12	129697891	+	607	chr12	129699822	+	302
1830	chr12	129932866	+	580	chr12	129933406	+	311
1823	chr13	28852771	+	444	chr13	28853095	+	427
817	chr13	40478009	-	279	chr13	40478289	-	301
816	chr13	41845268	-	356	chr13	41845652	-	379
1817	chr13	41951305	+	634	chr13	41951949	+	375
1816	chr13	42437809	+	468	chr13	42439462	+	508
1812	chr13	48431463	+	354	chr13	48434622	+	223
191	chr13	62503564	-	74	chr13	62503671	+	500
1800	chr13	72972922	+	478	chr13	72973250	+	356
1793	chr13	102889766	+	578	chr13	102890248	+	521
1790	chr13	110502499	+	438	chr13	110502983	+	280
1787	chr14	21022323	+	292	chr14	21024502	+	383
1786	chr14	22992091	+	408	chr14	22992491	+	439
1784	chr14	25353716	+	489	chr14	25354642	+	331
1783	chr14	28797800	+	439	chr14	28798564	+	435
1780	chr14	33583777	+	390	chr14	33584587	+	408
1778	chr14	34577465	+	406	chr14	34579272	+	452
1777	chr14	34675608	+	507	chr14	34685062	+	202
1776	chr14	36587632	+	528	chr14	36713238	+	446
1775	chr14	38074269	+	499	chr14	38074778	+	456
1774	chr14	39168147	+	500	chr14	39169969	+	368
188	chr14	47393717	-	422	chr14	47395012	+	213
3467	chr14	47393718	+	459	chr14	47395230	-	209
812	chr14	49261790	-	318	chr14	49262106	-	318
1768	chr14	53780099	+	556	chr14	53783438	+	510
1764	chr14	58953231	+	374	chr14	58953831	+	437
1763	chr14	62856932	+	478	chr14	62857264	+	493
3466	chr14	64358833	+	420	chr14	64358874	-	94
1762	chr14	64430144	+	500	chr14	64433298	+	444
1761	chr14	64676305	+	409	chr14	64677995	+	251
3465	chr14	64912566	+	761	chr14	64912888	-	315
809	chr14	66737711	-	436	chr14	66838511	-	488
1759	chr14	67672811	+	351	chr14	67673511	+	464
1758	chr14	69086747	+	487	chr14	69092241	+	626
1757	chr14	69757587	+	390	chr14	69759208	+	343
1756	chr14	70507589	+	504	chr14	70507922	+	522
1755	chr14	75883527	+	497	chr14	75883962	+	470
1754	chr14	77897998	+	499	chr14	77898349	+	405
1753	chr14	79176043	+	469	chr14	79184804	+	413
1751	chr14	81568863	+	486	chr14	81573083	+	515
1749	chr14	84366869	+	529	chr14	84371916	+	408
1748	chr14	86122652	+	222	chr14	86124219	+	573
1746	chr14	90061493	+	442	chr14	90062099	+	445
1743	chr14	97853756	+	395	chr14	97854863	+	441
802	chr14	100062801	-	211	chr14	100063049	-	171
1741	chr14	101060629	+	425	chr14	101060965	+	516
801	chr14	103432642	-	225	chr14	103432879	-	123
1740	chr14	104345091	+	447	chr14	104345851	+	388
1739	chr14	104809327	+	528	chr14	104809687	+	383
1737	chr14	106003685	+	175	chr14	106245975	+	359
796	chr14	106232718	-	95	chr14	106232836	-	117
1735	chr15	22668233	+	385	chr15	22669976	+	176
1734	chr15	23482489	+	400	chr15	23483473	+	541
1733	chr15	24572594	+	527	chr15	24572897	+	459
1732	chr15	27198774	+	459	chr15	27199196	+	483
1730	chr15	32796325	+	365	chr15	32796660	+	471
1729	chr15	33947426	+	547	chr15	33949511	+	558
1728	chr15	37054308	+	455	chr15	37054662	+	465
1727	chr15	37159829	+	485	chr15	37160937	+	196
1725	chr15	37531683	+	510	chr15	37532152	+	420
1665	chr15	43855272	+	394	chr15	43855622	+	495
1664	chr15	48733715	+	426	chr15	48734705	+	418
1662	chr15	50184300	+	322	chr15	50187210	+	321
1661	chr15	50312486	+	344	chr15	50312819	+	662
1660	chr15	53005511	+	503	chr15	53011720	+	447
1659	chr15	57500190	+	475	chr15	57500521	+	510
1656	chr15	64664729	+	246	chr15	64665495	+	352
1655	chr15	66213070	+	414	chr15	66215995	+	446
1653	chr15	69672535	+	441	chr15	69672873	+	474
1652	chr15	69804361	+	407	chr15	69804721	+	363
1649	chr15	75697927	+	497	chr15	75698301	+	398
1646	chr15	88974988	+	540	chr15	88975321	+	239
1644	chr15	90475580	+	427	chr15	90478077	+	440
1643	chr15	91316802	+	414	chr15	91317115	+	487
1640	chr15	96717594	+	352	chr15	96718160	+	360
1638	chr15	98869276	+	270	chr15	98869841	+	266
742	chr15	99438889	-	392	chr15	99439515	-	499
741	chr15	99479761	-	72	chr15	99479811	-	88
1635	chr16	1362894	+	379	chr16	1364212	+	258
3390	chr16	2203200	+	395	chr16	3087733	-	440
1631	chr16	11591259	+	452	chr16	11592819	+	176
127	chr16	14488376	-	114	chr16	33857677	+	507
1630	chr16	16841869	+	492	chr16	16847920	+	433
1629	chr16	19137943	+	579	chr16	19138295	+	393
1628	chr16	20686058	+	506	chr16	20686378	+	392
3389	chr16	21501943	+	359	chr16	22618252	-	567
1627	chr16	22955276	+	477	chr16	22957032	+	414
738	chr16	26292908	-	362	chr16	26293772	-	352
1619	chr16	33829642	+	258	chr16	33830566	+	310
1616	chr16	33852431	+	340	chr16	33852873	+	467
734	chr16	46838423	-	358	chr16	46838876	-	347
1613	chr16	55174529	+	307	chr16	55174863	+	568
1612	chr16	57204721	+	431	chr16	57207795	+	328
1610	chr16	60604377	+	427	chr16	60604710	+	475
733	chr16	64392814	-	391	chr16	64409529	-	312
125	chr16	64404320	-	320	chr16	64408548	+	437
1609	chr16	64404329	+	519	chr16	64410926	+	471
3387	chr16	64404799	+	455	chr16	64408509	-	231
3386	chr16	68319632	+	284	chr16	68320388	-	378
1608	chr16	69535300	+	498	chr16	69537395	+	554
1607	chr16	69721878	+	478	chr16	69722205	+	369
1605	chr16	73987393	+	340	chr16	73988235	+	94
1604	chr16	76596029	+	441	chr16	76598692	+	186
730	chr16	76596039	-	386	chr16	76598872	-	183
1603	chr16	76929139	+	486	chr16	76942399	+	369
1600	chr16	79731411	+	450	chr16	79731916	+	278
729	chr16	80356159	-	312	chr16	80356702	-	519
1599	chr16	83707038	+	416	chr16	83707626	+	263
121	chr16	83746171	-	440	chr16	83747348	+	241
3384	chr16	83746341	+	481	chr16	83747213	-	282
1598	chr16	83859994	+	429	chr16	83861893	+	433
728	chr16	84566135	-	501	chr16	84566716	-	514
1597	chr16	84841822	+	556	chr16	84842130	+	350
1594	chr17	122926	+	337	chr17	123430	+	282
1593	chr17	136833	+	296	chr17	138733	+	94
1591	chr17	495890	+	421	chr17	496910	+	412
1590	chr17	670610	+	425	chr17	671748	+	317
1589	chr17	685806	+	499	chr17	686161	+	489
1588	chr17	748376	+	248	chr17	748978	+	487
1586	chr17	8187457	+	400	chr17	8188814	+	397
1582	chr17	13472505	+	405	chr17	13473515	+	305
1581	chr17	14130636	+	407	chr17	14132281	+	453
1580	chr17	17171095	+	469	chr17	17171971	+	453
1579	chr17	18731869	+	377	chr17	18732894	+	431
1576	chr17	21261870	+	534	chr17	21263414	+	488
1575	chr17	22560673	+	386	chr17	22564515	+	485
1574	chr17	23804514	+	268	chr17	23807620	+	399
118	chr17	38737115	-	351	chr17	38818958	+	455
1572	chr17	38738259	+	512	chr17	38755383	+	83
1571	chr17	38793652	+	455	chr17	38795871	+	230
719	chr17	41643642	-	427	chr17	42530822	-	81
1567	chr17	42569727	+	452	chr17	42571105	+	152
1566	chr17	42569727	+	354	chr17	42574216	+	548
1564	chr17	42571256	+	153	chr17	42574595	+	207
1561	chr17	42574803	+	152	chr17	42589277	+	131
1560	chr17	42576345	+	102	chr17	42589277	+	127
1557	chr17	42589489	+	200	chr17	42590569	+	100
1552	chr17	42590669	+	100	chr17	42621509	+	110
1553	chr17	42590669	+	102	chr17	42613926	+	72
1550	chr17	42602418	+	78	chr17	42621470	+	184
1546	chr17	44706794	+	389	chr17	44708097	+	352
1545	chr17	45782537	+	568	chr17	45782921	+	283
1544	chr17	50138867	+	457	chr17	50139541	+	216
1542	chr17	61695519	+	384	chr17	61696591	+	411
1539	chr17	65966692	+	453	chr17	65972782	+	460
1538	chr17	67363749	+	470	chr17	67364076	+	430
1537	chr17	68326825	+	340	chr17	68332958	+	519
1536	chr17	68881659	+	385	chr17	68882490	+	229
1526	chr17	76332225	+	296	chr17	76333413	+	119
1525	chr17	77085082	+	327	chr17	77086069	+	390
1524	chr17	78653184	+	563	chr17	78654274	+	451
41	chr18	101066	-	262	chrY	11942132	+	360
3304	chr18	101398	+	368	chrY	11939647	-	478
3320	chr18	101456	+	569	chrY	11924839	-	441
3302	chr18	101458	+	289	chrY	11950102	-	461
1523	chr18	4803798	+	473	chr18	4804480	+	568
1521	chr18	5314651	+	356	chr18	5316244	+	417
1520	chr18	9805339	+	588	chr18	9806157	+	431
113	chr18	11499263	-	382	chr18	11501292	+	165
3378	chr18	11499274	+	453	chr18	11501465	-	178
1519	chr18	11499708	+	375	chr18	11501477	+	298
1513	chr18	22825618	+	438	chr18	22826339	+	478
1511	chr18	25883688	+	447	chr18	25884014	+	424
1509	chr18	33560058	+	452	chr18	33560630	+	448
1507	chr18	35315644	+	447	chr18	35315978	+	542
1506	chr18	36513891	+	504	chr18	36520748	+	419
1505	chr18	37118782	+	325	chr18	37122341	+	317
1504	chr18	39285550	+	395	chr18	39286534	+	438
1503	chr18	41515012	+	496	chr18	41515337	+	419
1501	chr18	45273866	+	569	chr18	45274188	+	338
1500	chr18	45948971	+	536	chr18	45952384	+	478
1499	chr18	48716565	+	540	chr18	48717030	+	392
1497	chr18	49179990	+	516	chr18	49180313	+	522
1495	chr18	50206966	+	473	chr18	50210962	+	456
1493	chr18	53097735	+	494	chr18	53099715	+	439
1488	chr18	59030529	+	535	chr18	59031078	+	202
1486	chr18	61874826	+	390	chr18	61883356	+	351
1485	chr18	62058116	+	360	chr18	62062740	+	325
1484	chr18	64379937	+	375	chr18	64380315	+	466
1483	chr18	66997721	+	437	chr18	66998055	+	389
1480	chr18	69595204	+	458	chr18	69595539	+	434
1478	chr18	71699009	+	572	chr18	71699334	+	237
684	chr18	72128909	-	395	chr18	74021134	-	288
1475	chr18	72129834	+	432	chr18	74021359	+	222
1476	chr18	73395986	+	367	chr18	73397148	+	485
1474	chr18	73510899	+	527	chr18	73512208	+	264
1473	chr18	74098284	+	570	chr18	74098616	+	548
1472	chr18	74303121	+	399	chr18	74304340	+	439
1470	chr18	74474721	+	421	chr18	74475643	+	193
1469	chr18	74763476	+	456	chr18	74767312	+	397
683	chr18	75061691	-	85	chr18	75061767	-	98
1468	chr18	75410938	+	529	chr18	75413079	+	564
1463	chr19	374190	+	420	chr19	374678	+	302
1462	chr19	980102	+	369	chr19	980580	+	166
681	chr19	1093017	-	187	chr19	1093277	-	161
1461	chr19	1133661	+	607	chr19	1134179	+	331
1460	chr19	1756931	+	364	chr19	1758712	+	510
1459	chr19	2860293	+	304	chr19	2861775	+	273
1456	chr19	4569658	+	565	chr19	4570608	+	377
3362	chr19	4690358	+	382	chr19	4690558	-	136
1453	chr19	6338618	+	422	chr19	6339176	+	510
1452	chr19	6730019	+	420	chr19	6732053	+	318
1450	chr19	8420425	+	544	chr19	8420732	+	450
1449	chr19	14907392	+	319	chr19	14910478	+	506
1442	chr19	23112643	+	486	chr19	23112960	+	503
1430	chr19	34642035	+	365	chr19	34648018	+	477
1428	chr19	35080656	+	304	chr19	35084966	+	495
660	chr19	37778638	-	386	chr19	37779103	-	165
1426	chr19	45304936	+	445	chr19	45307607	+	381
1425	chr19	45314935	+	337	chr19	45317152	+	384
658	chr19	48875206	-	465	chr19	48875794	-	146
1421	chr19	52342571	+	591	chr19	52343946	+	323
1420	chr19	56098661	+	397	chr19	56100237	+	320
1419	chr19	56867749	+	464	chr19	56869333	+	411
1417	chr19	58114014	+	479	chr19	58116024	+	250
1415	chr19	58380998	+	260	chr19	58383780	+	412
1413	chr19	59429176	+	653	chr19	59429625	+	282
657	chr19	60222273	-	459	chr19	60222846	-	203
1408	chr19	60733675	+	357	chr19	60734011	+	504
1407	chr19	61283176	+	323	chr19	61283866	+	135
1405	chr19	62166719	+	424	chr19	62167423	+	518
1387	chr20	1337146	+	464	chr20	1338817	+	517
636	chr20	2164983	-	149	chr20	2165103	-	137
635	chr20	2307701	-	155	chr20	2308614	-	467
1386	chr20	2307903	+	207	chr20	2308608	+	518
1385	chr20	2751156	+	430	chr20	2754418	+	547
1381	chr20	6098959	+	434	chr20	6099291	+	519
1380	chr20	7044784	+	383	chr20	7050849	+	434
82	chr20	10736050	-	524	chr20	10737496	+	169
1378	chr20	14477083	+	469	chr20	14477395	+	388
1377	chr20	15249734	+	463	chr20	15251771	+	494
1376	chr20	17051451	+	448	chr20	17051800	+	543
1374	chr20	20950712	+	465	chr20	20951060	+	537
1373	chr20	21234116	+	528	chr20	21236798	+	284
1372	chr20	21797903	+	580	chr20	21798190	+	382
1371	chr20	23051303	+	511	chr20	23051632	+	393
634	chr20	24458425	-	222	chr20	24458675	-	137
1369	chr20	26152614	+	323	chr20	26153372	+	126
1367	chr20	28252473	+	450	chr20	28255076	+	470
1366	chr20	32279596	+	487	chr20	32282893	+	472
1365	chr20	32579492	+	523	chr20	32579825	+	533
1364	chr20	33085328	+	554	chr20	33085649	+	364
1361	chr20	41458026	+	456	chr20	41459224	+	407
629	chr20	41758551	-	228	chr20	41759055	-	480
1360	chr20	42109542	+	416	chr20	42109941	+	492
3335	chr20	42739261	+	440	chr20	42745627	-	306
81	chr20	42742305	-	483	chr20	42745326	+	298
1359	chr20	43968909	+	502	chr20	43969345	+	263
627	chr20	45956881	-	247	chr20	45956982	-	109
1358	chr20	50192802	+	370	chr20	50194543	+	136
623	chr20	59337734	-	134	chr20	59337926	-	189
1352	chr20	60774695	+	461	chr20	60775584	+	399
1351	chr20	61195143	+	408	chr20	61196042	+	453
1350	chr20	62066719	+	487	chr20	62067950	+	295
1341	chr21	10058041	+	419	chr21	10058608	+	587
1337	chr21	16865516	+	393	chr21	16866481	+	387
1336	chr21	17534203	+	394	chr21	17535517	+	622
621	chr21	18978773	-	354	chr21	19002898	-	330
1335	chr21	23296667	+	472	chr21	23297283	+	415
1334	chr21	24632058	+	483	chr21	24632477	+	442
3332	chr21	26296029	+	514	chr21	26296570	-	504
78	chr21	26296029	-	509	chr21	26296571	+	596
77	chr21	26942553	-	403	chr21	26943597	+	495
3330	chr21	26942558	+	524	chr21	26943494	-	369
1333	chr21	29185621	+	425	chr21	29186170	+	197
1332	chr21	29474096	+	356	chr21	29474450	+	415
1330	chr21	38403433	+	538	chr21	38403803	+	159
1326	chr21	41324766	+	509	chr21	41325087	+	460
1323	chr21	43794796	+	429	chr21	43797732	+	585
1322	chr21	44443617	+	441	chr21	44445144	+	407
617	chr21	45299413	-	70	chr21	45299457	-	88
1320	chr21	46212457	+	455	chr21	46214160	+	423
1317	chr22	16437882	+	365	chr22	16440593	+	202
1315	chr22	16521771	+	302	chr22	16524713	+	255
1314	chr22	19280627	+	364	chr22	19283843	+	343
615	chr22	21033195	-	244	chr22	21082531	-	316
1313	chr22	22525948	+	434	chr22	22528520	+	453
1312	chr22	22604144	+	349	chr22	22641299	+	456
1311	chr22	23206431	+	322	chr22	23207008	+	305
1280	chr22	31625772	+	554	chr22	31626090	+	523
1279	chr22	33789001	+	499	chr22	33789421	+	387
1278	chr22	33975166	+	458	chr22	33976141	+	289
1277	chr22	34463471	+	442	chr22	34464237	+	323
1276	chr22	37374556	+	555	chr22	37374923	+	200
1274	chr22	42006658	+	139	chr22	42007358	+	381
1273	chr22	43679048	+	435	chr22	43679409	+	530
1272	chr22	45406073	+	499	chr22	45406563	+	220
595	chr22	48008515	-	573	chr22	48010376	-	80
1270	chr22	48008520	+	494	chr22	48010306	+	74
1268	chr22	48688194	+	435	chr22	48688621	+	176
1267	chrX	245625	+	567	chrX	247771	+	284
1266	chrX	819624	+	495	chrX	820010	+	328
1265	chrX	823191	+	337	chrX	824036	+	302
1264	chrX	830132	+	333	chrX	831019	+	284
590	chrX	1158621	-	247	chrX	1158865	-	214
1260	chrX	1682586	+	514	chrX	1682964	+	232
1259	chrX	1948174	+	376	chrX	1949030	+	541
1258	chrX	2204924	+	436	chrX	2210405	+	269
1255	chrX	5065346	+	479	chrX	5067502	+	360
3297	chrX	6147049	+	366	chrX	6148384	-	502
1253	chrX	11863110	+	427	chrX	11869360	+	480
1252	chrX	16337606	+	504	chrX	16338140	+	465
1250	chrX	38469309	+	164	chrX	38473439	+	399
1248	chrX	52904508	+	308	chrX	52906778	+	305
1247	chrX	55189470	+	414	chrX	55202290	+	99
1245	chrX	69648280	+	388	chrX	69651122	+	205
1243	chrX	85491536	+	127	chrX	85496548	+	175
1242	chrX	94937503	+	425	chrX	94938136	+	363
1241	chrX	114734785	+	391	chrX	114735438	+	348
1240	chrX	117338172	+	477	chrX	117338998	+	436
1239	chrX	122200244	+	486	chrX	122201097	+	486
416	chrX	130833150	+	393	chrX	130836311	+	93
413	chrX	143234662	+	442	chrX	143237661	+	606
412	chrX	144229769	+	367	chrX	144232200	+	450
410	chrX	154139109	+	500	chrX	154140141	+	420
409	chrX	154571654	+	221	chrX	154574919	+	270
579	chrY	10629089	-	317	chrY	10632012	-	296
405	chrY	10639950	+	414	chrY	10641221	+	360
404	chrY	11758067	+	322	chrY	11758807	+	329
403	chrY	11764075	+	232	chrY	11783492	+	174
569	chrY	11920733	-	843	chrY	11942428	-	518
24	chrY	11921002	-	174	chrY	57393977	+	137
1053	chrY	11921462	+	479	chrY	57404483	-	129
384	chrY	11921462	+	636	chrY	11945409	+	393
559	chrY	11924536	-	462	chrY	11949959	-	394
563	chrY	11924869	-	370	chrY	11939586	-	132
1063	chrY	11928325	+	763	chrY	57393159	-	302
382	chrY	11929185	+	375	chrY	11945372	+	158
543	chrY	11932508	-	335	chrY	11949919	-	279
532	chrY	11939289	-	389	chrY	11950061	-	418
387	chrY	11939664	+	199	chrY	11942378	+	123
8	chrY	11941693	-	493	chrY	57403322	+	284
1050	chrY	11942424	+	895	chrY	57406808	-	355
533	chrY	11945188	-	268	chrY	11945802	-	247
524	chrY	57403217	-	151	chrY	57404504	-	112
